-- phpMyAdmin SQL Dump
-- version 5.2.0
-- https://www.phpmyadmin.net/
--
-- Host: 127.0.0.1
-- Generation Time: Feb 27, 2024 at 04:14 AM
-- Server version: 10.4.27-MariaDB
-- PHP Version: 8.2.0

SET SQL_MODE = "NO_AUTO_VALUE_ON_ZERO";
START TRANSACTION;
SET time_zone = "+00:00";


/*!40101 SET @OLD_CHARACTER_SET_CLIENT=@@CHARACTER_SET_CLIENT */;
/*!40101 SET @OLD_CHARACTER_SET_RESULTS=@@CHARACTER_SET_RESULTS */;
/*!40101 SET @OLD_COLLATION_CONNECTION=@@COLLATION_CONNECTION */;
/*!40101 SET NAMES utf8mb4 */;

--
-- Database: `gallery`
--

-- --------------------------------------------------------

--
-- Table structure for table `album`
--

CREATE TABLE `album` (
  `AlbumID` int(11) NOT NULL,
  `NamaAlbum` varchar(255) NOT NULL,
  `Deskripsi` text NOT NULL,
  `TanggalDibuat` date NOT NULL,
  `UserID` int(11) NOT NULL
) ENGINE=InnoDB DEFAULT CHARSET=utf8mb4 COLLATE=utf8mb4_general_ci;

--
-- Dumping data for table `album`
--

INSERT INTO `album` (`AlbumID`, `NamaAlbum`, `Deskripsi`, `TanggalDibuat`, `UserID`) VALUES
(1, 'Time Traveler Luke', 'Animasi dari Korea Selatan', '2024-02-27', 4),
(3, 'Frozen II', 'Animasi Dari Amerika Serikat', '2024-02-27', 4),
(4, 'Ejen Ali', 'Lorem ipsum dolor sit amet consectetur adipisicing elit. Nam, veniam?', '2024-02-27', 6),
(5, 'Ejen Ali II', 'Lorem ipsum dolor sit amet consectetur adipisicing elit. Nam, veniam?', '2024-02-27', 6);

-- --------------------------------------------------------

--
-- Table structure for table `foto`
--

CREATE TABLE `foto` (
  `FotoID` int(11) NOT NULL,
  `JudulFoto` varchar(255) NOT NULL,
  `DeskripsiFoto` text NOT NULL,
  `TanggalUnggah` date NOT NULL,
  `LokasiFile` varchar(255) NOT NULL,
  `AlbumID` int(11) NOT NULL,
  `UserID` int(11) NOT NULL
) ENGINE=InnoDB DEFAULT CHARSET=utf8mb4 COLLATE=utf8mb4_general_ci;

--
-- Dumping data for table `foto`
--

INSERT INTO `foto` (`FotoID`, `JudulFoto`, `DeskripsiFoto`, `TanggalUnggah`, `LokasiFile`, `AlbumID`, `UserID`) VALUES
(2, 'Luke', 'Lorem ipsum dolor, sit amet consectetur adipisicing elit. Laborum, autem magni. Aut, facere. Odio, soluta?', '2024-02-27', '1190555456_1666609685574.jpg', 1, 4),
(3, 'Elsa', 'Lorem ipsum dolor, sit amet consectetur adipisicing elit. Laborum, autem magni.', '2024-02-27', '1698733045_1706139990_525291548_331212883_Screenshot (297).png', 3, 4),
(4, 'Luke II', 'Lorem ipsum dolor sit amet consectetur adipisicing elit. Illum eos natus alias pariatur odio voluptas neque sapiente? Consequatur, fugiat cum.', '2024-02-27', '719360105_1666609731515.jpg', 1, 4),
(5, 'Ali', 'Lorem ipsum dolor sit amet consectetur adipisicing elit. Nam, veniam?', '2024-02-27', '1578262475_Screenshot (17).png', 5, 6);

-- --------------------------------------------------------

--
-- Table structure for table `komentarfoto`
--

CREATE TABLE `komentarfoto` (
  `KomentarID` int(11) NOT NULL,
  `FotoID` int(11) NOT NULL,
  `UserID` int(11) NOT NULL,
  `IsiKomentar` text NOT NULL,
  `TanggalKomentar` date NOT NULL
) ENGINE=InnoDB DEFAULT CHARSET=utf8mb4 COLLATE=utf8mb4_general_ci;

--
-- Dumping data for table `komentarfoto`
--

INSERT INTO `komentarfoto` (`KomentarID`, `FotoID`, `UserID`, `IsiKomentar`, `TanggalKomentar`) VALUES
(1, 3, 4, 'Oh Tunjukkan!', '2024-02-27'),
(2, 3, 6, 'Datang Padaku...', '2024-02-27');

-- --------------------------------------------------------

--
-- Table structure for table `likefoto`
--

CREATE TABLE `likefoto` (
  `LikeID` int(11) NOT NULL,
  `FotoID` int(11) NOT NULL,
  `UserID` int(11) NOT NULL,
  `TanggalLike` date NOT NULL
) ENGINE=InnoDB DEFAULT CHARSET=utf8mb4 COLLATE=utf8mb4_general_ci;

--
-- Dumping data for table `likefoto`
--

INSERT INTO `likefoto` (`LikeID`, `FotoID`, `UserID`, `TanggalLike`) VALUES
(1, 2, 4, '2024-02-27'),
(2, 3, 4, '2024-02-27'),
(3, 3, 6, '2024-02-27');

-- --------------------------------------------------------

--
-- Table structure for table `user`
--

CREATE TABLE `user` (
  `UserID` int(11) NOT NULL,
  `Username` varchar(255) NOT NULL,
  `Password` varchar(255) NOT NULL,
  `Email` varchar(255) NOT NULL,
  `NamaLengkap` varchar(255) NOT NULL,
  `Alamat` text NOT NULL,
  `FotoUser` varchar(255) NOT NULL
) ENGINE=InnoDB DEFAULT CHARSET=utf8mb4 COLLATE=utf8mb4_general_ci;

--
-- Dumping data for table `user`
--

INSERT INTO `user` (`UserID`, `Username`, `Password`, `Email`, `NamaLengkap`, `Alamat`, `FotoUser`) VALUES
(4, 'user1', '1', 'user1@gmail.com', 'Jack Frost', 'Bumi', '917279645_1664369713035.jpg'),
(5, 'yusuf', '123', 'yusuf@gmail.com', 'Yusuf', 'Matakali', '572220815_Screenshot (5).png'),
(6, '123', '123', '123@gmail.com', 'Agent Ali', '123', '1738186828_Screenshot (14).png');

--
-- Indexes for dumped tables
--

--
-- Indexes for table `album`
--
ALTER TABLE `album`
  ADD PRIMARY KEY (`AlbumID`),
  ADD KEY `UserID` (`UserID`);

--
-- Indexes for table `foto`
--
ALTER TABLE `foto`
  ADD PRIMARY KEY (`FotoID`),
  ADD KEY `AlbumID` (`AlbumID`,`UserID`),
  ADD KEY `UserID` (`UserID`);

--
-- Indexes for table `komentarfoto`
--
ALTER TABLE `komentarfoto`
  ADD PRIMARY KEY (`KomentarID`),
  ADD KEY `FotoID` (`FotoID`,`UserID`),
  ADD KEY `UserID` (`UserID`);

--
-- Indexes for table `likefoto`
--
ALTER TABLE `likefoto`
  ADD PRIMARY KEY (`LikeID`),
  ADD KEY `FotoID` (`FotoID`,`UserID`),
  ADD KEY `UserID` (`UserID`);

--
-- Indexes for table `user`
--
ALTER TABLE `user`
  ADD PRIMARY KEY (`UserID`);

--
-- AUTO_INCREMENT for dumped tables
--

--
-- AUTO_INCREMENT for table `album`
--
ALTER TABLE `album`
  MODIFY `AlbumID` int(11) NOT NULL AUTO_INCREMENT, AUTO_INCREMENT=6;

--
-- AUTO_INCREMENT for table `foto`
--
ALTER TABLE `foto`
  MODIFY `FotoID` int(11) NOT NULL AUTO_INCREMENT, AUTO_INCREMENT=6;

--
-- AUTO_INCREMENT for table `komentarfoto`
--
ALTER TABLE `komentarfoto`
  MODIFY `KomentarID` int(11) NOT NULL AUTO_INCREMENT, AUTO_INCREMENT=3;

--
-- AUTO_INCREMENT for table `likefoto`
--
ALTER TABLE `likefoto`
  MODIFY `LikeID` int(11) NOT NULL AUTO_INCREMENT, AUTO_INCREMENT=4;

--
-- AUTO_INCREMENT for table `user`
--
ALTER TABLE `user`
  MODIFY `UserID` int(11) NOT NULL AUTO_INCREMENT, AUTO_INCREMENT=9;

--
-- Constraints for dumped tables
--

--
-- Constraints for table `album`
--
ALTER TABLE `album`
  ADD CONSTRAINT `album_ibfk_1` FOREIGN KEY (`UserID`) REFERENCES `user` (`UserID`) ON DELETE CASCADE ON UPDATE CASCADE;

--
-- Constraints for table `foto`
--
ALTER TABLE `foto`
  ADD CONSTRAINT `foto_ibfk_1` FOREIGN KEY (`UserID`) REFERENCES `user` (`UserID`) ON DELETE CASCADE ON UPDATE CASCADE,
  ADD CONSTRAINT `foto_ibfk_2` FOREIGN KEY (`AlbumID`) REFERENCES `album` (`AlbumID`) ON DELETE CASCADE ON UPDATE CASCADE;

--
-- Constraints for table `komentarfoto`
--
ALTER TABLE `komentarfoto`
  ADD CONSTRAINT `komentarfoto_ibfk_1` FOREIGN KEY (`UserID`) REFERENCES `user` (`UserID`) ON DELETE CASCADE ON UPDATE CASCADE,
  ADD CONSTRAINT `komentarfoto_ibfk_2` FOREIGN KEY (`FotoID`) REFERENCES `foto` (`FotoID`) ON DELETE CASCADE ON UPDATE CASCADE;

--
-- Constraints for table `likefoto`
--
ALTER TABLE `likefoto`
  ADD CONSTRAINT `likefoto_ibfk_1` FOREIGN KEY (`UserID`) REFERENCES `user` (`UserID`) ON DELETE CASCADE ON UPDATE CASCADE,
  ADD CONSTRAINT `likefoto_ibfk_2` FOREIGN KEY (`FotoID`) REFERENCES `foto` (`FotoID`) ON DELETE CASCADE ON UPDATE CASCADE;
COMMIT;

/*!40101 SET CHARACTER_SET_CLIENT=@OLD_CHARACTER_SET_CLIENT */;
/*!40101 SET CHARACTER_SET_RESULTS=@OLD_CHARACTER_SET_RESULTS */;
/*!40101 SET COLLATION_CONNECTION=@OLD_COLLATION_CONNECTION */;
